{"color":{"r":0.07843137254901961,"b":0.4862745098039216,"g":0.4784313725490196,"a":1},"name":"Project","category":"Colors: System","index":5}