{"color":{"r":0.407843137254902,"b":0.4784313725490196,"g":0.1294117647058823,"a":1},"name":"Source","category":"Colors: System","index":2}