{"color":{"r":0.8549019607843137,"b":0,"g":0.0392156862745098,"a":1},"name":"Failure","category":"Colors: Icons","index":4}