{"color":{"r":0,"b":0.8431372549019608,"g":0.4705882352941176,"a":1},"name":"Code review","category":"Colors: Work Items","index":6}