{"color":{"r":0,"b":0.803921568627451,"g":0.4352941176470588,"a":1},"name":"Link","category":"Colors: Text","index":3}