{"color":{"r":1,"b":0.7647058823529411,"g":0.3607843137254902,"a":1},"name":"Issue","category":"Colors: Work Items","index":5}