{"color":{"r":0.9490196078431372,"b":0.1137254901960784,"g":0.796078431372549,"a":1},"name":"Task","category":"Colors: Work Items","index":3}