{"color":{"r":0.9764705882352941,"b":0,"g":0.788235294117647,"a":1},"name":"Documents","category":"Colors: System","index":6}