{"color":{"r":0.1333333333333333,"b":0.1333333333333333,"g":0.1333333333333333,"a":1},"name":"Black","category":"Colors: Text","index":0}