{"color":{"r":0.4313725490196079,"b":0.4313725490196079,"g":0.4313725490196079,"a":1},"name":"Gray","category":"Colors: Text","index":1}