{"color":{"r":0.4549019607843137,"b":0.5372549019607843,"g":0.5058823529411764,"a":1},"name":"Build","category":"Colors: System","index":3}