{"color":{"r":0.8627450980392157,"b":0.4784313725490196,"g":0.7137254901960784,"a":1},"name":"Folder","category":"Colors: Icons","index":6}