{"color":{"r":0.1058823529411765,"b":0.8862745098039215,"g":0.6313725490196078,"a":1},"name":"Active","category":"Colors: Icons","index":1}