{"color":{"r":0,"b":0.8627450980392157,"g":0.8235294117647058,"a":1},"name":"Test case","category":"Colors: Work Items","index":9}