{"color":{"r":0.1450980392156863,"b":0.6549019607843137,"g":0.2980392156862745,"a":1},"name":"Feedback","category":"Colors: Work Items","index":7}