{"color":{"r":0,"b":0.5607843137254902,"g":0.09411764705882353,"a":1},"name":"App Insights","category":"Colors: System","index":8}