{"color":{"r":0.9725490196078431,"b":0,"g":0.6588235294117647,"a":1},"name":"Warning","category":"Colors: Icons","index":2}