{"color":{"r":0.3411764705882353,"b":0.6,"g":0.6705882352941176,"a":1},"name":"Change request","category":"Colors: Work Items","index":10}