{"color":{"r":0.9490196078431372,"b":0.05882352941176471,"g":0.4392156862745098,"a":1},"name":"Discussion","category":"Colors: System","index":4}