{"color":{"r":0.6823529411764706,"b":0.7294117647058823,"g":0.2352941176470588,"a":1},"name":"Reports","category":"Colors: System","index":7}