{"color":{"r":0.2666666666666667,"b":0.2666666666666667,"g":0.2666666666666667,"a":1},"name":"Default","category":"Colors: Icons","index":0}