{"color":{"r":0.8,"b":0.2392156862745098,"g":0.1607843137254902,"a":1},"name":"Bug","category":"Colors: Work Items","index":4}