{"color":{"r":0,"b":0.803921568627451,"g":0.4352941176470588,"a":1},"name":"Brand","category":"Colors: Icons","index":5}