{"color":{"r":0.4156862745098039,"b":1,"g":0.9372549019607843,"a":1},"name":"Shared parameter","category":"Colors: Work Items","index":8}